{
  "timestamp": "2025-11-13T21:32:56.002068",
  "model_type": "xgboost",
  "test_season": "2024-25",
  "train_games": 3231,
  "test_games": 1747,
  "win_prediction": {
    "total_games": 1747,
    "correct_predictions": 1471,
    "accuracy": 0.8420148826559817,
    "win_rate": 0.8420148826559817
  },
  "spread_prediction": {
    "mae": 6.804808239426419,
    "rmse": 9.9789698710654,
    "within_threshold": 